"",sensor_id,sensor_sensorid2type,order,2024-11-13 08:00:00,2024-11-13 09:00:00,2024-11-13 10:00:00,2024-11-13 11:00:00,2024-11-13 12:00:00,2024-11-13 13:00:00,2024-11-13 14:00:00,2024-11-13 15:00:00,2024-11-13 16:00:00,2024-11-13 17:00:00,2024-11-13 18:00:00,2024-11-13 19:00:00,2024-11-13 20:00:00,2024-11-13 21:00:00,2024-11-13 22:00:00,2024-11-13 23:00:00,2024-11-14 00:00:00,2024-11-14 01:00:00,2024-11-14 02:00:00,2024-11-14 03:00:00,2024-11-14 04:00:00,2024-11-14 05:00:00,2024-11-14 06:00:00,2024-11-14 07:00:00,2024-11-14 08:00:00,2024-11-14 09:00:00,2024-11-14 10:00:00,2024-11-14 11:00:00,2024-11-14 12:00:00,2024-11-14 13:00:00,2024-11-14 14:00:00,2024-11-14 15:00:00,2024-11-14 16:00:00,2024-11-14 17:00:00,2024-11-14 18:00:00,2024-11-14 19:00:00,2024-11-14 20:00:00,2024-11-14 21:00:00,2024-11-14 22:00:00,2024-11-14 23:00:00,2024-11-15 00:00:00,2024-11-15 01:00:00,2024-11-15 02:00:00,2024-11-15 03:00:00,2024-11-15 04:00:00,2024-11-15 05:00:00,2024-11-15 06:00:00,2024-11-15 07:00:00,2024-11-15 08:00:00,2024-11-15 09:00:00,2024-11-15 10:00:00,2024-11-15 11:00:00,2024-11-15 12:00:00,2024-11-15 13:00:00,2024-11-15 14:00:00,2024-11-15 15:00:00,2024-11-15 16:00:00,2024-11-15 17:00:00,2024-11-15 18:00:00,2024-11-15 19:00:00,2024-11-15 20:00:00,2024-11-15 21:00:00,2024-11-15 22:00:00,2024-11-15 23:00:00,2024-11-16 00:00:00,2024-11-16 01:00:00,2024-11-16 02:00:00,2024-11-16 03:00:00,2024-11-16 04:00:00,2024-11-16 05:00:00,2024-11-16 06:00:00,2024-11-16 07:00:00,2024-11-16 08:00:00,2024-11-16 09:00:00,2024-11-16 10:00:00,2024-11-16 11:00:00,2024-11-16 12:00:00,2024-11-16 13:00:00,2024-11-16 14:00:00,2024-11-16 15:00:00,2024-11-16 16:00:00,2024-11-16 17:00:00,2024-11-16 18:00:00,2024-11-16 19:00:00,2024-11-16 20:00:00,2024-11-16 21:00:00,2024-11-16 22:00:00,2024-11-16 23:00:00,2024-11-17 00:00:00,2024-11-17 01:00:00,2024-11-17 02:00:00,2024-11-17 03:00:00,2024-11-17 04:00:00,2024-11-17 05:00:00,2024-11-17 06:00:00,2024-11-17 07:00:00,2024-11-17 08:00:00,2024-11-17 09:00:00,2024-11-17 10:00:00,2024-11-17 11:00:00,2024-11-17 12:00:00,2024-11-17 13:00:00,2024-11-17 14:00:00,2024-11-17 15:00:00,2024-11-17 16:00:00,2024-11-17 17:00:00,2024-11-17 18:00:00,2024-11-17 19:00:00,2024-11-17 20:00:00,2024-11-17 21:00:00,2024-11-17 22:00:00,2024-11-17 23:00:00,2024-11-18 00:00:00,2024-11-18 01:00:00,2024-11-18 02:00:00,2024-11-18 03:00:00,2024-11-18 04:00:00,2024-11-18 05:00:00,2024-11-18 06:00:00,2024-11-18 07:00:00,2024-11-18 08:00:00,2024-11-18 09:00:00,2024-11-18 10:00:00,2024-11-18 11:00:00,2024-11-18 12:00:00,2024-11-18 13:00:00,2024-11-18 14:00:00,2024-11-18 15:00:00,2024-11-18 16:00:00,2024-11-18 17:00:00,2024-11-18 18:00:00,2024-11-18 19:00:00,2024-11-18 20:00:00,2024-11-18 21:00:00,2024-11-18 22:00:00,2024-11-18 23:00:00,2024-11-19 00:00:00,2024-11-19 01:00:00,2024-11-19 02:00:00,2024-11-19 03:00:00,2024-11-19 04:00:00,2024-11-19 05:00:00,2024-11-19 06:00:00,2024-11-19 07:00:00,2024-11-19 08:00:00,2024-11-19 09:00:00,2024-11-19 10:00:00,2024-11-19 11:00:00,2024-11-19 12:00:00,2024-11-19 13:00:00,2024-11-19 14:00:00,2024-11-19 15:00:00,2024-11-19 16:00:00,2024-11-19 17:00:00,2024-11-19 18:00:00,2024-11-19 19:00:00,2024-11-19 20:00:00,2024-11-19 21:00:00,2024-11-19 22:00:00,2024-11-19 23:00:00,2024-11-20 00:00:00,2024-11-20 01:00:00,2024-11-20 02:00:00,2024-11-20 03:00:00,2024-11-20 04:00:00,2024-11-20 05:00:00,2024-11-20 06:00:00,2024-11-20 07:00:00,2024-11-20 08:00:00,2024-11-20 09:00:00,2024-11-20 10:00:00,2024-11-20 11:00:00,2024-11-20 12:00:00,2024-11-20 13:00:00,2024-11-20 14:00:00,2024-11-20 15:00:00,2024-11-20 16:00:00,2024-11-20 17:00:00,2024-11-20 18:00:00,2024-11-20 19:00:00,2024-11-20 20:00:00,2024-11-20 21:00:00,2024-11-20 22:00:00,2024-11-20 23:00:00,2024-11-21 00:00:00,2024-11-21 01:00:00,2024-11-21 02:00:00,2024-11-21 03:00:00,2024-11-21 04:00:00,2024-11-21 05:00:00,2024-11-21 06:00:00,2024-11-21 07:00:00,2024-11-21 08:00:00,2024-11-21 09:00:00,2024-11-21 10:00:00,2024-11-21 11:00:00,2024-11-21 12:00:00,2024-11-21 13:00:00,2024-11-21 14:00:00,2024-11-21 15:00:00,2024-11-21 16:00:00,2024-11-21 17:00:00,2024-11-21 18:00:00,2024-11-21 19:00:00,2024-11-21 20:00:00,2024-11-21 21:00:00,2024-11-21 22:00:00,2024-11-21 23:00:00,2024-11-22 00:00:00,2024-11-22 01:00:00,2024-11-22 02:00:00,2024-11-22 03:00:00,2024-11-22 04:00:00,2024-11-22 05:00:00,2024-11-22 06:00:00,2024-11-22 07:00:00,2024-11-22 08:00:00,2024-11-22 09:00:00,2024-11-22 10:00:00,2024-11-22 11:00:00,2024-11-22 12:00:00,2024-11-22 13:00:00,2024-11-22 14:00:00,2024-11-22 15:00:00,2024-11-22 16:00:00,2024-11-22 17:00:00,2024-11-22 18:00:00,2024-11-22 19:00:00,2024-11-22 20:00:00,2024-11-22 21:00:00,2024-11-22 22:00:00,2024-11-22 23:00:00,2024-11-23 00:00:00,2024-11-23 01:00:00,2024-11-23 02:00:00,2024-11-23 03:00:00,2024-11-23 04:00:00,2024-11-23 05:00:00,2024-11-23 06:00:00,2024-11-23 07:00:00,2024-11-23 08:00:00,2024-11-23 09:00:00,2024-11-23 10:00:00,2024-11-23 11:00:00,2024-11-23 12:00:00,2024-11-23 13:00:00,2024-11-23 14:00:00,2024-11-23 15:00:00,2024-11-23 16:00:00,2024-11-23 17:00:00,2024-11-23 18:00:00,2024-11-23 19:00:00,2024-11-23 20:00:00,2024-11-23 21:00:00,2024-11-23 22:00:00,2024-11-23 23:00:00,2024-11-24 00:00:00,2024-11-24 01:00:00,2024-11-24 02:00:00,2024-11-24 03:00:00,2024-11-24 04:00:00,2024-11-24 05:00:00,2024-11-24 06:00:00,2024-11-24 07:00:00,2024-11-24 08:00:00,2024-11-24 09:00:00,2024-11-24 10:00:00,2024-11-24 11:00:00,2024-11-24 12:00:00,2024-11-24 13:00:00,2024-11-24 14:00:00,2024-11-24 15:00:00,2024-11-24 16:00:00,2024-11-24 17:00:00,2024-11-24 18:00:00,2024-11-24 19:00:00,2024-11-24 20:00:00,2024-11-24 21:00:00,2024-11-24 22:00:00,2024-11-24 23:00:00,2024-11-25 00:00:00,2024-11-25 01:00:00,2024-11-25 02:00:00,2024-11-25 03:00:00,2024-11-25 04:00:00,2024-11-25 05:00:00,2024-11-25 06:00:00,2024-11-25 07:00:00,2024-11-25 08:00:00,2024-11-25 09:00:00,2024-11-25 10:00:00
0,3677,Soil humidity sensor,1,64.600000,64.600000,64.600000,64.600000,64.600000,64.600000,64.600000,64.600000,64.600000,64.600000,64.600000,64.600000,64.600000,64.600000,64.600000,64.600000,64.600000,64.600000,64.600000,64.600000,64.600000,64.600000,64.600000,64.600000,64.600000,64.600000,64.600000,64.600000,64.600000,64.600000,64.600000,64.600000,64.600000,64.600000,64.600000,64.600000,64.600000,64.600000,64.600000,64.600000,64.600000,64.600000,64.600000,64.600000,64.600000,64.600000,64.600000,64.600000,64.600000,64.600000,64.600000,64.600000,64.600000,64.600000,64.600000,64.600000,64.600000,64.600000,64.600000,64.600000,64.600000,64.600000,64.600000,64.600000,64.600000,64.600000,64.600000,64.600000,64.600000,64.600000,64.600000,64.600000,64.600000,64.600000,64.600000,64.600000,64.600000,64.600000,64.600000,64.600000,64.600000,64.600000,64.600000,64.600000,64.600000,64.600000,64.600000,64.600000,64.600000,64.600000,64.600000,64.600000,64.600000,64.600000,64.600000,64.600000,64.600000,64.600000,64.600000,64.600000,64.600000,64.600000,64.600000,64.600000,64.600000,64.600000,64.600000,64.600000,64.600000,64.600000,64.600000,64.600000,64.600000,64.60,64.600000,64.600000,64.600000,64.600000,64.600000,64.600000,64.600000,64.600000,64.600000,64.600000,64.600000,64.600000,64.600000,64.600000,64.600000,64.600000,64.600000,64.600000,64.600000,64.600000,64.600000,64.600000,64.600000,64.600000,64.600000,64.600000,64.600000,64.600000,64.600000,64.600000,64.600000,64.600000,64.600000,53.771429,13.573333,13.171429,12.215385,11.775000,10.878571,10.487500,9.793333,9.508333,9.130769,24.369231,20.335714,18.307143,16.912500,16.122222,15.600000,15.100000,14.925000,14.527273,14.463636,14.130769,13.766667,13.858333,13.407692,13.142857,12.492308,11.907143,11.620000,11.069231,9.866667,9.592308,9.050000,8.246154,7.700000,27.523077,23.353846,20.053846,17.875000,16.638462,15.791667,15.261538,15.153846,15.023077,14.600000,14.364286,14.466667,13.933333,13.843750,13.411111,12.584615,12.028571,11.554545,10.958333,9.985714,9.383333,8.791667,8.361538,7.923077,25.300000,22.676923,20.436364,19.400000,18.181818,17.118182,15.933333,15.733333,15.466667,15.433333,14.857143,14.480000,14.530000,13.800000,13.144444,12.718182,12.341667,11.336364,10.381818,9.808333,8.833333,7.975000,7.492308,7.358333,27.553846,24.253846,21.625000,19.316667,18.041667,16.408333,15.691667,15.483333,15.425000,14.892308,14.425000,14.191667,13.941667,13.508333,12.758333,12.141667,11.523077,10.516667,9.908333,9.033333,8.723077,8.416667,1.626667,0.000000,14.622222,0.000000,0.000000,0.000000,0.000000,0.000000,0.000000,0.000000,0.000000,0.000000,0.000000,0.000000,0.000000,0.000000,0.000000,0.000000,0.000000,0.000000,0.000000,0.000000,0.000000,0.000000,0.000000,0.000000,14.991667,0.000000,0.000000,0.000000,0.000000,0.000000,0.000000,0.000000,0.000000,0.000000,0.000000,0.000000,0.000000,0.000
1,3639,pH sensor,1,7.800000,7.775000,7.641667,7.600000,7.558333,7.500000,7.500000,7.500000,7.500000,7.500000,7.500000,7.508333,7.608333,7.733333,7.800000,7.825000,7.900000,7.900000,7.927273,8.000000,8.000000,8.000000,8.000000,8.000000,8.000000,8.000000,8.000000,8.000000,8.000000,8.000000,8.000000,8.000000,7.925000,7.758333,7.633333,7.558333,7.500000,7.500000,7.500000,7.583333,7.600000,7.600000,7.600000,7.600000,7.600000,7.600000,7.600000,7.600000,7.600000,7.450000,7.266667,7.150000,7.050000,6.950000,6.900000,6.900000,6.900000,6.900000,6.900000,6.900000,7.000000,7.008333,7.100000,7.108333,7.200000,7.200000,7.200000,7.300000,7.300000,7.300000,7.300000,7.300000,7.341667,7.400000,7.400000,7.500000,7.500000,7.500000,7.600000,7.600000,7.600000,7.600000,7.600000,7.600000,7.600000,7.516667,7.500000,7.591667,7.600000,7.600000,7.600000,7.600000,7.600000,7.600000,7.600000,7.600000,7.600000,7.600000,7.600000,7.658333,7.700000,7.700000,7.700000,7.700000,7.700000,7.700000,7.700000,7.700000,7.700000,7.616667,7.600000,7.600000,7.600000,7.60,7.600000,7.616667,7.691667,7.700000,7.700000,7.700000,7.666667,7.441667,7.258333,7.141667,7.075000,6.991667,6.900000,6.900000,6.900000,6.941667,6.900000,7.025000,7.716667,7.908333,8.191667,8.216667,8.200000,8.200000,8.200000,8.216667,8.200000,8.208333,8.225000,8.216667,8.216667,7.983333,7.666667,7.520000,7.400000,7.328571,7.300000,7.300000,7.375000,7.400000,7.358333,7.400000,7.400000,7.400000,7.400000,7.400000,7.433333,7.500000,7.500000,7.500000,7.533333,7.600000,7.600000,7.600000,7.616667,7.583333,7.466667,7.391667,7.300000,7.300000,7.300000,7.300000,7.300000,7.330769,7.400000,7.400000,7.400000,7.400000,7.400000,7.476923,7.500000,7.553333,7.633333,7.700000,7.753333,7.800000,7.800000,7.825000,7.900000,7.800000,7.700000,7.700000,7.600000,7.592308,7.500000,7.500000,7.484615,7.400000,7.400000,7.430769,7.523077,7.620000,7.700000,7.707143,7.800000,7.800000,7.800000,7.800000,7.800000,7.800000,7.892308,7.900000,7.900000,7.640000,7.600000,7.600000,7.508333,7.400000,7.338462,7.300000,7.300000,7.300000,7.343750,7.446154,7.500000,7.546154,7.600000,7.600000,7.600000,7.691667,7.700000,7.700000,7.700000,7.771429,7.800000,7.800000,7.800000,7.861538,7.900000,7.900000,7.900000,7.900000,7.900000,7.900000,7.900000,7.900000,7.900000,7.900000,7.900000,7.900000,7.900000,7.900000,7.900000,7.900000,7.900000,7.907692,8.000000,8.000000,8.000000,8.000000,8.000000,8.000000,8.000000,8.000000,8.000000,8.000000,8.000000,8.000000,8.000000,8.069231,8.100000,8.100000,8.100000,8.007143,8.000000,8.000000,8.000000,8.080000,8.100000,8.100000,8.100000,8.100000,8.100000,8.100000,8.092308,7.925000,7.800
2,3648,EC sensor,1,241.916667,242.833333,243.250000,242.750000,243.583333,243.500000,243.230769,243.500000,244.083333,243.538462,243.000000,243.750000,243.416667,245.833333,246.416667,246.500000,246.666667,246.333333,246.833333,246.750000,247.333333,247.500000,247.750000,248.000000,248.166667,249.500000,250.333333,250.416667,250.750000,250.250000,250.166667,250.583333,202.916667,134.727273,135.000000,135.416667,134.583333,135.916667,136.833333,136.846154,136.583333,137.083333,136.916667,137.230769,137.083333,136.666667,137.250000,137.083333,137.583333,137.250000,138.666667,138.416667,138.583333,138.916667,139.153846,138.666667,138.615385,139.083333,138.500000,138.500000,138.750000,145.153846,146.500000,146.384615,146.230769,146.333333,146.750000,146.666667,146.750000,146.833333,146.416667,146.857143,147.083333,146.916667,146.583333,146.916667,147.250000,147.166667,147.083333,147.083333,146.833333,147.166667,147.333333,147.090909,147.166667,151.083333,152.384615,152.833333,152.666667,153.000000,152.750000,153.272727,153.111111,153.083333,153.250000,153.416667,153.833333,153.666667,153.583333,153.500000,153.307692,153.666667,154.083333,154.000000,153.750000,154.166667,153.846154,154.000000,154.333333,156.333333,156.666667,156.500000,157.083333,156.75,156.916667,157.166667,157.333333,157.000000,157.166667,157.166667,157.500000,157.583333,158.000000,158.916667,159.692308,160.166667,158.500000,159.250000,158.076923,157.692308,158.888889,151.083333,130.750000,141.000000,149.750000,155.500000,162.750000,165.833333,169.833333,175.416667,179.333333,180.500000,185.166667,187.916667,189.833333,192.333333,192.083333,191.166667,189.769231,189.928571,189.928571,190.250000,190.071429,190.142857,189.714286,189.692308,190.285714,191.307692,191.461538,192.000000,192.384615,192.666667,192.461538,192.428571,192.071429,192.166667,192.615385,192.692308,192.090909,192.785714,192.500000,192.636364,192.181818,193.076923,193.166667,192.250000,191.166667,191.153846,191.076923,191.384615,191.250000,193.230769,194.153846,194.000000,193.750000,194.285714,194.200000,194.076923,193.833333,193.928571,194.214286,194.000000,194.333333,193.666667,194.333333,193.916667,194.230769,194.500000,194.846154,194.428571,194.500000,194.727273,194.538462,194.545455,194.750000,194.416667,195.000000,NaN,NaN,NaN,NaN,NaN,NaN,NaN,NaN,NaN,NaN,NaN,NaN,200.000000,195.666667,196.333333,195.500000,196.500000,193.250000,196.750000,195.500000,195.500000,197.250000,197.000000,196.250000,197.000000,195.500000,196.666667,198.400000,198.000000,198.000000,196.750000,197.250000,197.000000,196.750000,196.250000,196.750000,199.250000,197.500000,200.500000,194.000000,199.000000,197.500000,197.000000,198.200000,197.750000,199.000000,199.333333,200.200000,196.500000,199.250000,201.416667,200.250000,198.428571,198.692308,199.545455,199.600000,197.833333,199.428571,199.500000,199.545455,199.000000,199.416667,200.250000,200.272727,201.000000,200.416667,200.583333,199.833333,200.818182,199.916667,201.666667,202.250000,200.833333,202.000000,200.272727,200.636364,202.166667,200.083333,202.636364,202.083333,202.909091,202.666667,203.000000,203.800
3,3646,Flood sensor,1,0.000000,0.000000,0.000000,0.000000,0.000000,0.000000,0.000000,0.000000,0.000000,0.000000,0.000000,0.000000,0.000000,0.083333,0.000000,0.000000,0.000000,0.000000,0.000000,0.000000,0.000000,0.000000,0.000000,0.000000,0.000000,0.000000,0.000000,0.000000,0.000000,0.000000,0.000000,0.000000,0.000000,0.000000,0.000000,0.000000,0.000000,0.083333,0.000000,0.000000,0.000000,0.000000,0.000000,0.000000,0.000000,0.000000,0.000000,0.000000,0.000000,0.000000,0.000000,0.000000,0.000000,0.000000,0.000000,0.000000,0.000000,0.000000,0.000000,0.000000,0.000000,0.071429,0.000000,0.000000,0.000000,0.000000,0.000000,0.000000,0.000000,0.000000,0.000000,0.000000,0.000000,0.000000,0.000000,0.000000,0.000000,0.000000,0.000000,0.000000,0.000000,0.000000,0.000000,0.000000,0.000000,0.076923,0.000000,0.000000,0.000000,0.000000,0.000000,0.000000,0.000000,0.000000,0.000000,0.000000,0.000000,0.000000,0.000000,0.000000,0.000000,0.000000,0.000000,0.000000,0.000000,0.000000,0.000000,0.000000,0.000000,0.076923,0.000000,0.000000,0.000000,0.00,0.000000,0.000000,0.000000,0.000000,0.000000,0.000000,0.000000,0.000000,0.000000,0.000000,0.000000,0.000000,0.000000,0.000000,0.000000,0.000000,0.000000,0.000000,0.000000,0.076923,0.000000,0.000000,0.000000,0.000000,0.000000,0.000000,0.000000,0.000000,0.000000,0.000000,0.000000,0.000000,0.000000,0.000000,0.000000,0.000000,0.000000,0.000000,0.000000,0.000000,0.000000,0.000000,0.000000,0.166667,0.000000,0.000000,0.000000,0.000000,0.000000,0.000000,0.000000,0.000000,0.000000,0.000000,0.000000,0.000000,0.000000,0.000000,0.000000,0.000000,0.000000,0.000000,0.000000,0.000000,0.000000,0.000000,0.000000,0.142857,0.000000,0.000000,0.000000,0.000000,0.000000,0.000000,0.000000,0.000000,0.000000,0.000000,0.000000,0.000000,0.000000,0.000000,0.000000,0.000000,0.000000,0.000000,0.000000,0.000000,0.000000,0.000000,0.000000,0.214286,0.000000,0.000000,0.000000,0.000000,0.000000,0.000000,0.000000,0.000000,0.000000,0.000000,0.000000,0.000000,0.000000,0.000000,0.000000,0.000000,0.000000,0.000000,0.000000,0.000000,0.000000,0.000000,0.000000,0.076923,0.000000,0.000000,0.000000,0.000000,0.000000,0.000000,0.000000,0.000000,0.000000,0.000000,0.000000,0.000000,0.000000,0.000000,0.000000,0.000000,0.000000,0.000000,0.000000,0.000000,0.000000,0.000000,0.000000,0.038462,0.000000,0.000000,0.000000,0.000000,0.000000,0.000000,0.000000,0.000000,0.000000,0.000000,0.000000,0.000000,0.000000,0.000000,0.000000,0.000000,0.000000,0.000000,0.000000,0.000000,0.000000,0.000000,0.000000,0.076923,0.000000,0.000000,0.000000,0.000000,0.000000,0.000000,0.000000,0.000000,0.000000,0.000000,0.000000,0.000000,0.000
4,3638,Light sensor,1,980.000000,1035.416667,1040.166667,1042.769231,1038.230769,1036.500000,1033.571429,1034.538462,1042.583333,1042.428571,113.000000,113.000000,30.615385,0.000000,0.000000,0.000000,0.000000,0.000000,0.000000,0.000000,0.000000,0.000000,932.500000,933.000000,932.846154,934.533333,935.166667,934.000000,935.285714,941.750000,1024.866667,1030.800000,1034.307692,1069.833333,101.928571,102.000000,63.500000,0.000000,0.000000,0.000000,0.000000,0.000000,0.000000,0.000000,0.000000,0.000000,969.428571,970.153846,1030.923077,1016.833333,924.153846,923.384615,925.666667,924.142857,923.538462,920.833333,921.833333,919.500000,107.615385,107.076923,61.714286,0.000000,0.000000,0.000000,0.000000,0.000000,0.000000,0.000000,0.000000,0.000000,815.500000,814.153846,817.153846,816.916667,821.200000,825.307692,819.142857,825.833333,821.416667,817.583333,817.000000,815.083333,0.000000,0.000000,0.000000,0.000000,0.000000,0.000000,0.000000,0.000000,0.000000,0.000000,0.000000,0.000000,811.666667,814.923077,816.818182,819.833333,818.428571,815.666667,815.583333,825.000000,824.538462,966.142857,830.615385,816.307692,0.000000,0.000000,0.000000,0.000000,0.000000,0.000000,0.000000,0.00,0.000000,0.000000,0.000000,0.000000,817.250000,815.200000,926.153846,919.571429,925.500000,921.692308,921.333333,921.769231,925.307692,918.928571,916.833333,915.692308,110.888889,103.571429,19.833333,6.125000,0.000000,0.000000,0.000000,0.000000,0.000000,0.000000,0.000000,0.000000,812.285714,814.000000,873.933333,925.333333,921.947368,920.187500,917.800000,918.733333,913.062500,914.333333,911.533333,913.333333,106.923077,106.916667,105.153846,0.000000,0.000000,0.000000,0.000000,0.000000,0.000000,0.000000,0.000000,0.000000,805.666667,808.153846,840.071429,912.461538,910.083333,909.647059,910.307692,912.857143,910.400000,913.384615,911.583333,912.153846,106.933333,74.785714,15.866667,0.000000,0.000000,0.000000,0.000000,0.000000,0.000000,0.000000,0.000000,0.000000,810.428571,808.769231,856.692308,912.062500,916.739130,916.714286,919.846154,916.214286,912.866667,911.083333,905.642857,907.166667,106.769231,107.000000,81.600000,0.000000,0.000000,0.000000,0.000000,0.000000,0.000000,0.000000,0.000000,0.000000,756.636364,801.416667,856.500000,909.916667,914.909091,913.461538,915.214286,918.333333,935.833333,1008.538462,931.000000,904.571429,30.615385,4.250000,0.000000,0.000000,0.000000,0.000000,0.000000,0.000000,0.000000,0.000000,0.000000,0.000000,702.666667,697.416667,703.250000,714.000000,746.769231,738.571429,716.333333,734.428571,743.615385,751.642857,755.250000,803.916667,107.000000,109.125000,100.714286,34.826087,17.000000,17.000000,17.000000,17.000000,17.000000,17.000000,17.000000,17.000000,863.944444,863.590909,863.000000,868.300000,871.615385,871.923077,872.500000,875.000000,874.733333,888.416667,864.428571,863.538462,17.000000,17.000000,17.000000,17.000000,17.000000,17.000000,17.000000,17.000000,17.000000,17.000000,17.000000,17.000000,864.846154,863.461538,922.083333,952.000000,951.750
5,3650,Temperature sensor,1,26.453846,24.346154,24.241667,24.125000,24.536364,24.428571,24.500000,24.442857,24.341667,24.708333,24.276923,24.783333,26.125000,26.276923,26.284615,26.641667,26.733333,26.841667,26.854545,26.900000,26.983333,27.000000,27.161538,27.283333,27.300000,27.246154,27.300000,27.346154,27.400000,27.409091,27.450000,27.192308,27.058333,26.916667,26.858333,26.700000,26.625000,26.925000,26.938462,27.150000,27.192308,27.200000,27.200000,27.200000,27.200000,27.161538,27.315385,27.300000,26.075000,23.291667,23.623077,23.516667,23.716667,23.658333,23.550000,23.641667,23.607692,23.666667,23.438462,25.300000,25.909091,26.146154,26.178571,26.438462,26.500000,26.583333,26.600000,26.657143,26.691667,26.700000,26.900000,26.983333,27.035714,27.091667,27.153846,27.223077,27.283333,27.300000,27.369231,27.400000,27.450000,27.392308,27.207692,27.107692,27.200000,27.133333,27.100000,27.191667,27.200000,27.200000,27.200000,27.200000,27.270000,27.300000,27.376923,27.400000,27.428571,27.408333,27.375000,27.276923,27.269231,27.283333,27.450000,27.741667,27.884615,27.700000,27.453846,27.483333,27.500000,27.483333,27.345455,27.400000,27.400000,27.40,27.400000,27.392308,27.418182,27.400000,27.575000,27.584615,26.250000,23.776923,23.450000,24.158333,23.991667,24.333333,24.861538,25.136364,24.946154,24.623077,24.280000,24.750000,26.108333,26.358333,26.341667,26.533333,26.600000,26.564286,26.600000,26.545455,26.516667,26.500000,26.564286,26.550000,25.900000,24.415385,24.214286,24.214286,24.150000,24.014286,23.916667,23.957143,23.938462,23.787500,24.000000,24.884615,25.133333,25.300000,25.150000,25.326667,25.326667,25.343750,25.338462,25.300000,25.300000,25.266667,25.375000,25.307692,24.683333,23.484615,22.908333,22.815385,23.206250,23.407692,23.911111,23.958333,23.858333,23.866667,23.807692,24.075000,24.425000,24.450000,24.353846,24.483333,24.458333,24.408333,24.375000,24.346154,24.375000,24.391667,24.400000,24.325000,23.825000,22.780000,23.264706,23.500000,23.514286,23.460000,23.323077,23.292308,23.258333,23.133333,22.933333,23.525000,24.114286,24.200000,24.066667,NaN,24.100000,NaN,NaN,NaN,NaN,24.100000,NaN,NaN,23.666667,23.433333,23.350000,23.150000,23.266667,23.318182,23.472727,23.833333,23.791667,23.509091,22.466667,23.791667,24.110000,24.127273,24.109091,24.200000,24.200000,24.233333,24.240000,24.245455,24.288889,24.254545,24.318182,24.353846,24.253846,24.291667,24.372727,24.555556,24.700000,24.690000,24.720000,24.677778,24.625000,24.490909,24.216667,24.345455,24.381818,24.414286,24.608333,24.661538,24.723077,24.708333,24.766667,24.733333,24.730769,24.750000,24.883333,24.908333,24.916667,24.908333,25.030769,25.093750,25.200000,25.230769,25.325000,25.422222,25.430000,25.333333,25.115385,25.075000,25.008333,24.878571,24.835714,24.958333,25.007143,25.033333,25.025000,25.066667,25.091667,25.076923,25.183333,25.208333,24.300000,24.023077,24.100
6,3661,Humidity sensor,1,55.692308,54.592308,55.500000,56.641667,52.809091,53.564286,51.783333,53.214286,53.841667,53.675000,54.584615,55.558333,56.725000,59.446154,60.800000,59.466667,59.441667,59.200000,59.072727,59.053846,58.916667,58.958333,58.453846,58.441667,58.466667,58.576923,57.883333,57.700000,57.583333,57.136364,56.893750,52.776923,50.158333,49.883333,50.858333,50.166667,49.525000,53.900000,56.892308,57.300000,57.538462,57.618182,58.276923,58.723077,58.450000,58.292308,57.753846,57.921429,57.333333,55.791667,60.015385,62.058333,61.533333,62.066667,62.808333,61.508333,63.176923,64.250000,64.030769,61.200000,59.445455,61.361538,61.764286,61.900000,61.941667,61.925000,62.000000,61.900000,62.150000,62.600000,61.663636,61.891667,63.614286,64.991667,65.084615,65.538462,65.866667,65.450000,66.176923,65.700000,65.866667,64.515385,63.184615,63.161538,62.833333,63.508333,64.053846,63.791667,64.292857,64.216667,63.891667,63.941667,63.640000,63.963636,64.315385,64.141667,64.321429,63.825000,63.833333,64.646154,65.292308,65.266667,63.900000,62.150000,61.515385,61.666667,62.638462,62.475000,62.716667,63.791667,64.309091,63.630769,63.392857,63.20,63.145455,63.092308,62.718182,62.746154,62.375000,62.469231,59.608333,56.623077,55.507143,52.733333,57.883333,56.275000,53.584615,53.654545,54.276923,54.907692,55.370000,55.666667,56.283333,57.925000,58.175000,58.108333,58.300000,58.457143,58.666667,58.836364,58.941667,58.983333,58.800000,58.983333,58.369231,53.369231,52.278571,52.357143,52.792857,52.028571,52.058333,53.671429,56.069231,54.200000,54.108333,56.469231,57.450000,58.250000,58.466667,58.586667,58.846667,59.043750,59.384615,59.569231,59.884615,60.025000,59.733333,60.261538,61.666667,56.715385,53.716667,53.907692,56.156250,57.192308,58.155556,58.908333,59.083333,59.508333,60.884615,60.450000,59.100000,59.616667,59.469231,58.950000,58.975000,58.933333,59.041667,58.723077,58.541667,58.308333,58.661538,59.841667,61.841667,58.473333,60.623529,60.338462,59.450000,59.033333,57.861538,57.769231,58.533333,56.316667,58.250000,58.366667,58.942857,59.900000,60.200000,NaN,59.800000,NaN,NaN,NaN,NaN,59.300000,NaN,NaN,58.066667,57.633333,57.450000,56.100000,56.022222,56.063636,54.645455,54.266667,53.808333,54.381818,57.125000,57.625000,57.190000,57.772727,57.736364,57.554545,57.536364,57.633333,57.480000,57.181818,56.977778,56.981818,56.909091,56.923077,56.938462,56.950000,56.936364,56.444444,55.927273,56.260000,56.110000,56.355556,56.775000,57.118182,58.050000,57.854545,57.500000,58.492857,56.975000,56.576923,56.323077,56.166667,56.125000,56.225000,56.192308,56.208333,55.625000,55.491667,55.400000,55.825000,55.323077,54.993750,54.587500,54.453846,54.158333,53.900000,53.800000,54.166667,54.792308,55.066667,55.475000,56.892857,56.885714,56.058333,55.964286,56.466667,56.325000,56.591667,56.741667,56.892308,56.483333,56.866667,56.466667,54.630769,54.250
7,3664,CO2 sensor,1,725.750000,1089.250000,1260.000000,1293.500000,1594.500000,1616.000000,1793.500000,1598.750000,1623.250000,1751.250000,1561.750000,1344.750000,874.000000,641.000000,537.000000,436.400000,407.400000,403.000000,403.000000,403.000000,403.000000,403.000000,403.000000,403.000000,403.000000,403.000000,403.000000,403.000000,403.000000,403.000000,403.000000,403.000000,404.500000,403.000000,403.000000,403.000000,403.000000,403.000000,403.000000,403.000000,403.000000,403.000000,403.000000,403.000000,403.000000,403.000000,403.000000,403.000000,436.750000,843.750000,1241.000000,1607.200000,2032.000000,2302.750000,2421.000000,2484.500000,2423.750000,2229.500000,2155.750000,1796.000000,1628.000000,1365.333333,1258.250000,1075.000000,979.333333,925.750000,881.333333,842.250000,805.500000,737.250000,729.500000,676.500000,583.000000,494.500000,430.750000,403.000000,403.000000,403.000000,403.000000,403.000000,403.000000,403.000000,403.000000,403.000000,403.000000,403.000000,403.000000,403.000000,403.000000,403.000000,403.000000,403.000000,403.000000,403.000000,403.000000,403.000000,403.000000,403.000000,403.000000,403.000000,403.000000,403.000000,403.000000,403.000000,403.000000,403.000000,403.000000,403.000000,403.000000,403.000000,403.000000,403.000000,403.000000,403.00,403.000000,403.000000,403.000000,403.000000,403.000000,403.000000,495.750000,966.000000,1314.750000,1647.000000,1840.250000,2324.250000,2671.750000,2648.250000,2068.000000,2097.500000,2361.500000,2326.000000,2031.750000,1958.500000,1764.333333,1628.750000,1478.750000,1330.250000,1136.250000,1028.250000,944.750000,875.000000,796.000000,707.250000,654.500000,1037.750000,1127.500000,1387.250000,1637.000000,1756.000000,1929.000000,1690.250000,1099.500000,1385.333333,1674.500000,1508.000000,1393.750000,1383.600000,1354.000000,1243.750000,1153.000000,1068.750000,994.750000,960.333333,907.000000,863.000000,820.000000,758.250000,651.500000,1095.250000,1516.750000,1738.500000,1677.750000,1703.250000,1845.333333,1798.500000,1809.000000,1527.750000,1565.000000,1584.000000,1531.666667,1348.333333,1221.000000,982.000000,794.750000,631.250000,490.250000,436.500000,403.000000,403.000000,403.000000,403.000000,418.750000,617.000000,778.200000,739.750000,947.750000,1047.500000,1279.250000,1235.500000,1343.750000,1657.000000,1545.166667,968.333333,785.500000,486.750000,453.250000,448.250000,432.333333,403.500000,403.000000,403.000000,403.000000,403.000000,403.000000,403.000000,406.250000,583.250000,716.750000,957.000000,1385.750000,1650.000000,1933.250000,2081.250000,2035.750000,1917.750000,1382.000000,976.000000,936.000000,846.750000,795.250000,775.000000,699.000000,639.500000,624.500000,578.000000,498.500000,428.750000,406.666667,403.000000,403.000000,403.000000,403.000000,403.000000,403.000000,403.000000,403.000000,403.000000,403.000000,403.000000,403.000000,403.000000,403.000000,403.000000,403.000000,403.000000,403.000000,403.000000,403.000000,403.000000,403.000000,403.000000,403.000000,403.000000,403.000000,403.000000,403.000000,403.000000,403.000000,403.000000,403.000000,403.000000,403.000000,403.000000,403.000000,403.000000,403.000000,403.000000,403.000000,403.000000,403.000000,403.000000,403.000000,403.000000,403.000000,403.000000,403.000000,403.000000,403.000000,734.250000,1096.000
8,3637,Temperature sensor,2,26.423077,24.607143,24.400000,24.361538,24.769231,24.658333,24.758333,24.635714,24.516667,24.875000,24.438462,24.833333,26.076923,26.269231,26.407692,26.584615,26.669231,26.800000,26.758333,26.800000,26.878571,26.900000,27.075000,27.158333,27.200000,27.127273,27.200000,27.238462,27.300000,27.345455,27.400000,27.100000,27.000000,26.841667,26.838462,26.614286,26.669231,26.854545,27.000000,27.075000,27.084615,27.100000,27.100000,27.100000,27.100000,27.066667,27.227273,27.223077,26.146154,23.575000,23.785714,23.800000,23.938462,23.941667,23.816667,23.881818,23.923077,23.941667,23.500000,25.176923,25.792857,26.053846,26.290909,26.330769,26.391667,26.418182,26.461538,26.500000,26.541667,26.546154,26.925000,27.000000,27.133333,27.166667,27.300000,27.400000,27.425000,27.500000,27.516667,27.500000,27.561538,27.500000,27.069231,27.000000,27.083333,27.009091,27.207692,27.100000,27.100000,27.100000,27.100000,27.100000,27.122222,27.130769,27.466667,27.475000,27.500000,27.491667,27.433333,27.300000,27.300000,27.316667,27.490909,27.830769,27.961538,27.754545,27.376923,27.338462,27.400000,27.307692,27.481818,27.323077,27.300000,27.30,27.291667,27.284615,27.291667,27.300000,27.583333,27.600000,26.391667,24.041667,23.750000,24.483333,24.281818,24.614286,25.166667,25.416667,25.176923,24.908333,24.433333,24.716667,25.958333,26.225000,26.658333,26.408333,26.425000,26.400000,26.400000,26.390909,26.333333,26.300000,26.523077,26.500000,25.800000,24.485714,24.384615,24.378571,24.276923,24.184615,24.030769,24.050000,24.000000,23.875000,23.883333,24.691667,24.941667,25.100000,25.475000,25.225000,25.166667,25.185714,25.176923,25.114286,25.100000,25.100000,25.358333,25.320000,24.766667,23.427273,22.884615,22.791667,23.133333,23.307692,23.787500,23.800000,23.746154,23.733333,23.516667,23.758333,24.233333,24.246154,24.623077,24.338462,24.341667,24.350000,24.275000,24.275000,24.300000,24.300000,24.475000,24.408333,23.825000,22.741667,23.187500,23.469231,23.533333,23.553846,23.383333,23.350000,23.318182,23.154545,22.763636,23.363636,23.866667,23.907692,24.133333,24.000000,24.000000,NaN,NaN,24.000000,NaN,23.800000,24.200000,NaN,23.750000,23.400000,23.350000,23.300000,23.360000,23.483333,23.745455,24.180000,24.110000,23.645455,22.481818,23.650000,23.916667,23.966667,24.408333,24.018182,24.046154,24.020000,24.050000,24.014286,24.077778,24.030000,24.263636,24.300000,24.258333,24.318182,24.400000,24.558333,24.714286,24.690000,24.745455,24.671429,24.666667,24.470000,24.033333,24.120000,24.216667,24.357143,24.854545,24.650000,24.700000,24.700000,24.700000,24.683333,24.683333,24.700000,25.041667,25.100000,25.100000,25.075000,25.178571,25.269231,25.385714,25.425000,25.516667,25.600000,25.618182,25.516667,25.100000,25.008333,24.958333,24.850000,25.075000,24.925000,25.000000,25.000000,25.000000,25.000000,25.016667,25.000000,25.350000,25.376923,24.525000,24.238462,24.325
9,3645,Humidity sensor,2,56.184615,55.192857,55.123077,56.553846,52.730769,53.325000,51.916667,53.271429,53.875000,53.908333,54.353846,55.775000,57.169231,59.246154,60.100000,59.400000,59.430769,59.316667,59.283333,59.308333,59.200000,59.215385,58.775000,58.750000,58.825000,58.881818,58.200000,58.023077,57.950000,57.490909,57.200000,53.291667,51.050000,50.766667,51.484615,51.007143,50.538462,54.518182,56.869231,57.625000,57.915385,58.100000,58.658333,59.033333,58.830769,58.683333,58.127273,58.315385,57.661538,55.616667,58.157143,60.908333,60.584615,61.008333,61.550000,60.836364,61.446154,63.000000,63.108333,61.207692,59.750000,61.246154,61.345455,61.769231,61.866667,61.836364,61.946154,61.833333,62.066667,62.492308,61.233333,61.466667,62.891667,63.975000,63.991667,64.191667,64.516667,64.100000,64.825000,64.466667,64.623077,63.391667,62.930769,62.966667,62.658333,63.336364,63.307692,63.463636,63.913333,63.866667,63.630769,63.620000,63.411111,63.723077,63.516667,63.325000,63.458333,63.133333,63.166667,63.816667,64.366667,64.400000,63.300000,61.561538,60.984615,61.218182,62.315385,62.407692,62.640000,63.630769,63.400000,63.300000,63.138462,62.95,62.900000,62.923077,62.591667,62.625000,61.825000,61.883333,59.100000,56.208333,55.475000,52.725000,57.263636,56.392857,53.400000,53.766667,54.184615,54.933333,55.511111,56.058333,56.825000,58.341667,57.658333,58.475000,58.691667,58.908333,59.066667,59.290909,59.333333,59.453846,58.892308,58.956250,58.385714,53.628571,52.823077,53.050000,53.330769,52.915385,52.838462,54.458333,56.433333,54.725000,54.916667,57.058333,57.966667,58.583333,57.933333,58.600000,59.080000,59.300000,59.569231,59.778571,59.975000,60.092308,59.475000,59.790000,61.100000,57.790909,54.515385,54.783333,56.991667,57.976923,59.350000,59.500000,59.846154,60.050000,61.558333,61.208333,59.600000,60.015385,58.769231,59.200000,59.175000,59.066667,59.100000,58.858333,58.716667,58.525000,58.400000,59.375000,61.616667,59.075000,60.650000,60.484615,59.458333,59.169231,58.000000,57.858333,58.718182,56.627273,58.763636,59.045455,59.700000,60.684615,60.133333,60.300000,60.100000,NaN,NaN,59.800000,NaN,59.100000,58.966667,NaN,58.400000,57.800000,57.650000,56.700000,56.330000,56.216667,54.590909,53.830000,53.690000,54.654545,57.490909,58.190000,57.941667,58.288889,57.400000,58.063636,58.046154,58.160000,58.150000,57.985714,57.844444,57.740000,57.272727,57.200000,57.091667,57.045455,57.023077,56.675000,56.242857,56.550000,56.381818,56.671429,56.888889,57.420000,58.833333,58.800000,58.091667,58.592857,56.736364,56.800000,56.683333,56.575000,56.566667,56.641667,56.616667,56.616667,55.650000,55.425000,55.358333,55.658333,55.271429,54.992308,54.600000,54.483333,54.225000,53.933333,53.900000,54.250000,55.275000,55.650000,55.958333,56.966667,56.641667,56.383333,56.446154,56.900000,56.815385,57.050000,57.216667,57.325000,56.475000,56.630769,56.233333,54.938462,54.300
10,3643,Wind speed sensor,2,0.450000,0.408333,0.400000,0.400000,0.400000,0.400000,0.4,0.400000,0.400000,0.408333,0.408333,0.416667,0.416667,0.408333,0.466667,0.491667,0.483333,0.400000,0.416667,0.441667,0.441667,0.425000,0.400000,0.416667,0.425000,0.433333,0.450000,0.40,0.400000,0.491667,0.491667,0.500000,0.416667,0.407692,0.466667,0.425000,0.475000,0.483333,0.466667,0.5,0.433333,0.400000,0.441667,0.475,0.475,0.441667,0.416667,0.425000,0.446154,0.416667,0.533333,0.769231,0.700000,0.700000,0.700000,0.708333,0.725,0.558333,0.591667,0.600000,0.600000,0.600000,0.600000,0.583333,0.591667,0.60,0.600000,0.6,0.600000,0.60,0.516667,0.583333,0.558333,0.550000,0.508333,0.500000,0.500000,0.508333,0.558333,0.525000,0.561538,0.583333,0.591667,0.6,0.6,0.591667,0.583333,0.584615,0.583333,0.591667,0.600000,0.600000,0.600000,0.575000,0.500000,0.575000,0.558333,0.558333,0.500000,0.500000,0.500000,0.500000,0.5,0.500000,0.50,0.516667,0.575,0.6,0.558333,0.541667,0.536364,0.60,0.550000,0.500000,0.500000,0.500000,0.500000,0.508333,0.592308,0.583333,0.533333,0.523077,0.600000,0.600000,0.608333,0.608333,0.616667,0.65,0.691667,0.691667,0.611111,0.633333,0.70,0.700000,0.661538,0.650000,0.650000,0.683333,0.616667,0.625000,0.625000,0.600000,0.633333,0.616667,0.6,0.650000,0.641667,0.608333,0.653846,0.676923,0.691667,0.700,0.691667,0.700000,0.658333,0.700000,0.7,0.700000,0.633333,0.700000,0.700000,0.666667,0.600000,0.600000,0.600,0.616667,0.600000,0.625000,0.608333,0.600000,0.600,0.633333,0.640000,0.633333,0.644444,0.658333,0.623077,0.633333,0.666667,0.658333,0.608333,0.600000,0.608333,0.608333,0.653846,0.691667,0.650,0.642857,0.641667,0.616667,0.600000,0.600,0.608333,0.600000,0.618182,0.650000,0.646154,0.641667,0.653846,0.646154,0.633333,0.615385,0.664286,0.600000,0.600000,0.638462,0.625,0.691667,0.616667,0.650000,0.658333,0.700000,0.683333,0.633333,0.591667,0.625000,0.608333,0.600000,0.600000,0.600000,0.591667,0.591667,0.625000,0.666667,0.691667,0.633333,0.592308,0.600000,0.600000,0.691667,0.600,0.681818,0.616667,0.683333,0.691667,0.700,0.600000,0.600000,0.600000,0.600000,0.591667,0.600000,0.600000,0.600000,0.591667,0.60,0.600000,0.600000,0.60,0.600000,0.600000,0.60,0.616667,0.658333,0.641667,0.625000,0.633333,0.658333,0.675,0.625,0.666667,0.616667,0.608333,0.608333,0.60,0.658333,0.675,0.633333,0.600000,0.633333,0.6250,0.600000,0.608333,0.625000,0.6,0.6,0.6,0.700000,0.625,0.683333,0.683333,0.641667,0.666667,0.658333,0.645455,0.615385,0.616667,0.616667,0.608333,0.608333,0.5
11,3635,Dissolved oxygen sensor,2,9.300000,9.300000,9.300000,9.369231,9.400000,9.400000,9.4,9.400000,9.483333,9.408333,9.475000,9.500000,9.500000,9.430769,9.400000,9.400000,9.400000,9.400000,9.400000,9.400000,9.392308,9.333333,9.300000,9.300000,9.300000,9.300000,9.300000,9.30,9.300000,9.300000,9.350000,9.500000,9.375000,10.075000,10.175000,10.050000,9.941667,9.833333,9.800000,9.8,9.800000,9.783333,9.700000,9.700,9.700,9.700000,9.658333,9.600000,9.600000,9.650000,9.700000,9.700000,9.683333,9.600000,9.600000,9.538462,9.500,9.500000,9.500000,9.500000,9.500000,9.400000,9.400000,9.400000,9.400000,9.40,9.400000,9.4,9.400000,9.40,9.400000,9.400000,9.400000,9.400000,9.400000,9.400000,9.400000,9.400000,9.366667,9.300000,9.300000,9.300000,9.300000,9.3,9.3,9.300000,9.300000,9.300000,9.300000,9.300000,9.300000,9.300000,9.300000,9.300000,9.300000,9.300000,9.300000,9.300000,9.300000,9.300000,9.300000,9.300000,9.3,9.300000,9.30,9.300000,9.300,9.3,9.300000,9.300000,9.300000,9.30,9.300000,9.300000,9.300000,9.300000,9.300000,9.300000,9.300000,9.300000,9.300000,9.375000,9.400000,9.441667,9.500000,9.500000,9.466667,9.40,9.400000,9.483333,9.500000,9.333333,9.15,9.191667,9.200000,9.200000,9.208333,9.300000,9.300000,9.300000,9.300000,9.300000,9.366667,9.400000,9.4,9.415385,9.500000,9.500000,9.500000,9.500000,9.500000,9.500,9.600000,9.600000,9.600000,9.600000,9.6,9.608333,9.500000,9.500000,9.508333,9.600000,9.533333,9.566667,9.600,9.600000,9.600000,9.600000,9.600000,9.600000,9.625,9.700000,9.700000,9.700000,9.700000,9.700000,9.700000,9.700000,9.700000,9.700000,9.725000,9.741667,9.700000,9.700000,9.800000,9.800000,9.800,9.800000,9.800000,9.800000,9.800000,9.875,9.900000,9.900000,9.900000,9.900000,9.900000,9.900000,9.900000,9.900000,9.900000,9.900000,9.900000,9.900000,9.900000,9.963636,9.900,9.900000,9.900000,9.900000,9.900000,9.900000,9.900000,9.900000,9.900000,9.908333,9.991667,10.000000,9.941667,9.916667,9.900000,9.900000,9.883333,9.800000,9.800000,9.892857,9.900000,9.900000,9.969231,9.944444,9.900,9.900000,9.900000,9.900000,9.900000,9.900,9.900000,9.958333,10.000000,9.958333,10.000000,10.000000,10.000000,10.000000,10.000000,9.95,9.900000,9.900000,9.90,9.900000,9.900000,9.90,9.900000,9.925000,9.900000,9.900000,9.900000,9.900000,9.900,9.900,9.900000,9.900000,9.900000,9.900000,9.90,9.900000,9.900,9.900000,9.900000,9.900000,9.9000,9.900000,9.900000,9.900000,9.9,9.9,9.9,9.872727,9.800,9.800000,9.800000,9.800000,9.818182,9.808333,9.800000,9.808333,9.800000,9.825000,9.875000,9.841667,9.8
12,3673,Flood sensor,2,0.000000,0.083333,0.000000,0.000000,0.000000,0.000000,0.0,0.000000,0.000000,0.000000,0.000000,0.000000,0.000000,0.076923,0.000000,0.000000,0.000000,0.000000,0.000000,0.000000,0.000000,0.000000,0.000000,0.000000,0.000000,0.083333,0.000000,0.00,0.000000,0.000000,0.000000,0.000000,0.214286,0.000000,0.000000,0.166667,0.000000,0.000000,0.000000,0.0,0.000000,0.000000,0.000000,0.000,0.000,0.000000,0.000000,0.000000,0.000000,0.000000,0.000000,0.000000,0.000000,0.000000,0.000000,0.000000,0.000,0.000000,0.000000,0.000000,0.000000,0.076923,0.000000,0.000000,0.000000,0.00,0.000000,0.0,0.000000,0.00,0.000000,0.000000,0.000000,0.000000,0.000000,0.000000,0.000000,0.000000,0.000000,0.000000,0.000000,0.000000,0.000000,0.0,0.0,0.071429,0.000000,0.000000,0.000000,0.000000,0.000000,0.000000,0.000000,0.000000,0.000000,0.000000,0.000000,0.000000,0.000000,0.000000,0.000000,0.000000,0.0,0.000000,0.00,0.000000,0.000,0.0,0.000000,0.076923,0.000000,0.00,0.000000,0.000000,0.000000,0.000000,0.000000,0.000000,0.000000,0.000000,0.000000,0.000000,0.000000,0.000000,0.000000,0.000000,0.000000,0.00,0.000000,0.000000,0.000000,0.000000,0.00,0.076923,0.000000,0.000000,0.000000,0.000000,0.000000,0.000000,0.000000,0.000000,0.000000,0.000000,0.0,0.000000,0.000000,0.000000,0.000000,0.000000,0.000000,0.000,0.000000,0.000000,0.000000,0.000000,0.0,0.214286,0.000000,0.000000,0.000000,0.000000,0.000000,0.000000,0.000,0.000000,0.000000,0.000000,0.000000,0.000000,0.000,0.000000,0.000000,0.000000,0.000000,0.000000,0.000000,0.000000,0.000000,0.000000,0.000000,0.153846,0.000000,0.000000,0.000000,0.000000,0.000,0.000000,0.000000,0.000000,0.000000,0.000,0.000000,0.000000,0.000000,0.000000,0.000000,0.000000,0.000000,0.000000,0.000000,0.000000,0.000000,0.000000,0.000000,0.142857,0.000,0.000000,0.000000,0.000000,0.000000,0.000000,0.000000,0.000000,0.000000,0.000000,0.000000,0.000000,0.000000,0.000000,0.000000,0.000000,0.000000,0.000000,0.000000,0.000000,0.000000,0.000000,0.000000,0.076923,0.000,0.000000,0.000000,0.000000,0.000000,0.000,0.000000,0.000000,0.000000,0.000000,0.000000,0.000000,0.000000,0.000000,0.000000,0.00,0.000000,0.000000,0.00,0.000000,0.000000,0.00,0.000000,0.041667,0.000000,0.000000,0.000000,0.000000,0.000,0.000,0.000000,0.000000,0.000000,0.000000,0.00,0.000000,0.000,0.000000,0.000000,0.000000,0.0000,0.000000,0.000000,0.000000,0.0,0.0,0.0,0.083333,0.000,0.000000,0.000000,0.000000,0.000000,0.000000,0.000000,0.000000,0.000000,0.000000,0.000000,0.000000,0.0
13,3651,Light sensor,2,673.411765,682.000000,687.307692,689.866667,685.785714,684.461538,684.0,681.866667,681.800000,680.461538,18.076923,16.214286,4.230769,0.000000,0.000000,0.000000,0.000000,0.000000,0.000000,0.000000,0.000000,0.000000,662.142857,663.153846,666.230769,664.466667,666.666667,667.25,666.769231,616.000000,772.571429,677.916667,734.166667,757.071429,111.000000,111.000000,70.000000,0.000000,0.000000,0.0,0.000000,0.000000,0.000000,0.000,0.000,0.000000,657.500000,658.615385,723.461538,1190.916667,2045.571429,2269.461538,2280.250000,2279.846154,2280.818182,2280.642857,2277.000,2255.785714,125.000000,124.857143,62.214286,0.000000,0.000000,0.000000,0.000000,0.00,0.000000,0.0,NaN,0.00,2117.461538,2117.071429,2119.461538,2117.846154,2125.071429,2131.083333,2123.384615,2131.769231,2128.461538,2123.083333,2123.461538,2121.666667,NaN,NaN,NaN,NaN,NaN,NaN,NaN,NaN,NaN,NaN,NaN,NaN,2127.272727,2129.083333,2131.545455,2133.750000,2133.583333,2131.307692,2132.416667,2145.153846,2143.5,2195.166667,2152.25,2134.866667,NaN,NaN,NaN,NaN,NaN,NaN,NaN,NaN,NaN,NaN,NaN,NaN,2137.923077,2141.285714,2265.538462,2226.214286,2232.923077,2218.846154,2204.000000,2198.916667,2201.076923,2159.75,2133.076923,2131.076923,125.000000,116.571429,8.00,2.461538,0.000000,0.000000,0.000000,0.000000,0.000000,0.000000,0.000000,0.000000,2011.266667,2004.928571,2069.0,2123.631579,2125.000000,2123.562500,2104.941176,2106.500000,2104.769231,2105.500,2103.153846,2059.333333,125.000000,125.000000,125.0,0.000000,0.000000,0.000000,0.000000,0.000000,0.000000,0.000000,0.000,0.000000,1947.000000,1941.769231,1978.692308,2065.214286,2058.400,2059.285714,2057.833333,2060.714286,2059.666667,2060.230769,2061.615385,2062.333333,125.000000,83.214286,7.384615,0.000000,0.000000,0.000000,0.000000,0.000000,0.000,0.000000,0.000000,0.000000,1954.214286,1949.000,2012.437500,2201.473684,2196.428571,2192.318182,2183.076923,2168.090909,2153.636364,2146.357143,2133.642857,2128.000000,125.000000,125.000000,97.384615,0.000000,0.000,0.000000,0.000000,0.000000,0.000000,0.000000,0.000000,0.000000,2006.857143,1996.538462,2052.636364,2117.111111,2115.500000,2112.928571,2109.928571,2108.800000,2128.384615,2161.615385,2116.769231,2087.307692,25.692308,1.714286,0.000000,0.000000,0.000,0.000000,0.000000,0.000000,0.000000,0.000,0.000000,0.000000,1978.615385,1969.833333,1973.818182,1976.545455,1978.416667,1990.833333,1972.583333,1975.00,1968.388889,1967.263158,1967.05,2034.692308,125.000000,125.00,125.000000,46.000000,8.000000,8.000000,8.000000,8.000000,8.000,8.000,8.000000,8.000000,2154.647059,2145.869565,2142.45,2144.090909,2145.000,2141.384615,2139.307692,2139.769231,2140.6875,2152.615385,2124.714286,2119.846154,8.0,8.0,8.0,8.000000,8.000,8.000000,8.000000,8.000000,8.000000,8.000000,8.000000,8.000000,2102.076923,2096.533333,2176.285714,2090.400000,1831.4
14,3649,Soil humidity sensor,2,0.000000,9.238462,0.000000,0.000000,0.000000,0.000000,0.0,0.000000,0.000000,0.000000,0.000000,0.000000,0.000000,4.400000,0.000000,0.000000,0.000000,0.000000,0.000000,0.000000,0.000000,0.000000,0.000000,0.000000,0.000000,10.553846,0.000000,0.00,0.000000,0.000000,0.000000,0.000000,16.316667,6.261538,2.875000,16.650000,0.000000,0.000000,0.000000,0.0,0.000000,0.000000,0.000000,0.000,0.000,0.000000,0.000000,0.000000,0.000000,0.000000,0.000000,0.000000,0.000000,0.000000,0.000000,0.000000,0.000,0.000000,0.000000,0.000000,0.000000,15.307692,5.146154,1.758333,0.000000,0.00,0.000000,0.0,0.000000,0.00,0.000000,0.000000,0.000000,0.000000,0.000000,0.000000,0.000000,0.000000,0.000000,0.000000,0.000000,0.000000,0.000000,0.0,0.0,16.958333,9.841667,9.023077,8.583333,7.715385,6.445455,4.142857,2.422222,0.391667,0.000000,0.000000,0.000000,0.000000,0.000000,0.000000,0.000000,0.000000,0.0,0.000000,0.00,0.000000,0.000,0.0,0.000000,19.866667,14.550000,13.85,12.883333,10.683333,7.316667,2.033333,0.116667,0.000000,0.000000,0.000000,0.000000,0.000000,0.000000,0.000000,0.000000,0.000000,0.000000,0.00,0.000000,0.000000,0.000000,0.000000,0.00,20.750000,14.575000,12.691667,10.808333,7.583333,5.508333,3.723077,1.928571,0.484615,0.000000,0.000000,0.0,0.000000,0.000000,4.117647,35.943750,35.541667,35.142857,34.875,34.661538,33.787500,33.264286,33.042857,32.6,85.769231,88.340000,86.857143,84.587500,82.826667,77.610526,75.850000,74.175,73.170000,71.472727,70.885714,69.966667,68.892308,66.925,65.014286,63.241667,62.353333,60.560000,58.853333,58.273333,54.860000,53.928571,51.516667,50.253846,85.507143,86.192857,84.108333,78.292857,76.153846,75.375,74.208333,72.015385,70.616667,70.076923,67.950,67.691667,65.773333,63.678947,62.494118,61.241667,60.492857,59.230000,57.381818,55.775000,53.484615,51.869231,49.758333,48.461538,84.616667,85.400,84.112500,79.340000,78.522222,76.775000,74.957143,72.000000,69.250000,68.414286,67.183333,65.880000,64.045455,62.400000,61.236364,59.100000,57.891667,55.933333,54.058333,52.076923,50.592308,48.825000,48.075000,47.625000,83.758333,84.975,83.000000,79.550000,76.484615,75.509091,71.625,69.692308,69.241667,67.123077,65.233333,63.184615,61.566667,60.258333,59.484615,58.392308,56.25,54.673333,52.528571,50.94,49.753846,48.454545,47.85,6.808333,41.953846,17.100000,2.915385,0.000000,0.000000,0.000,0.000,0.000000,0.000000,0.000000,0.000000,0.00,0.000000,0.000,0.000000,0.000000,0.000000,0.0000,0.000000,0.000000,0.000000,0.0,0.0,0.0,30.616667,20.225,17.050000,8.991667,0.000000,0.000000,0.000000,0.000000,0.000000,0.000000,0.000000,0.000000,0.000000,0.0
15,3641,CO2 sensor,2,744.750000,NaN,NaN,1252.000000,1675.000000,1687.000000,1894.5,1633.666667,1727.000000,1845.500000,1646.250000,1434.500000,978.250000,722.000000,594.750000,502.250000,458.000000,431.666667,416.750000,407.500000,403.000000,403.000000,403.000000,403.000000,403.000000,403.000000,403.000000,403.00,403.000000,NaN,NaN,405.000000,432.000000,435.500000,440.666667,447.500000,439.500000,409.250000,403.000000,403.0,403.000000,403.000000,403.000000,403.000,403.000,403.000000,403.000000,403.000000,463.500000,970.500000,1360.750000,1706.333333,2132.500000,2391.500000,2517.000000,2609.200000,2501.000,2327.000000,2224.500000,1862.250000,1706.000000,1437.250000,1298.400000,1118.250000,1032.500000,969.75,921.666667,891.0,854.333333,788.75,772.750000,719.250000,612.250000,527.333333,465.666667,416.250000,403.000000,403.000000,403.000000,403.000000,403.000000,403.000000,403.000000,403.0,403.0,403.000000,403.000000,403.000000,403.000000,403.000000,403.000000,403.000000,403.000000,403.000000,403.000000,403.000000,403.000000,403.000000,403.000000,403.000000,403.000000,403.000000,403.0,403.000000,403.00,403.000000,403.000,403.0,403.000000,403.000000,403.000000,403.00,403.000000,403.000000,403.000000,403.000000,403.000000,403.000000,403.000000,403.000000,465.000000,954.000000,1341.000000,1705.000000,2005.750000,2474.500000,2795.250000,2676.50,2162.500000,2175.333333,2428.000000,2367.250000,2060.20,2020.333333,1849.000000,1688.250000,1548.000000,1398.000000,1198.000000,1072.750000,992.250000,925.500000,847.750000,749.750000,661.0,1089.000000,1210.000000,1452.500000,1700.250000,1856.500000,1996.000000,1690.750,1183.250000,1449.500000,1708.666667,1562.250000,1438.5,1440.250000,1400.500000,1285.750000,1217.000000,NaN,NaN,NaN,NaN,NaN,NaN,NaN,NaN,NaN,NaN,NaN,NaN,NaN,1880.000000,1950.666667,1880.333333,1627.750000,1656.250000,1660.250000,1601.500000,1426.750000,1273.400000,1025.500000,857.800000,688.750000,537.500,496.500000,439.000000,406.250000,403.000000,403.000,452.000000,698.333333,845.750000,793.250000,1042.250000,1098.250000,1366.500000,1342.400000,1391.400000,1759.750000,1626.500000,1053.250000,812.250000,541.750000,521.000,506.200000,498.666667,463.000000,429.000000,421.500000,403.000000,403.000000,403.000000,403.000000,440.500000,695.250000,813.333333,1166.750000,1496.250000,1828.500000,2041.500000,2213.000000,2156.400000,2011.800000,1529.250000,1086.600000,994.250000,892.000000,858.500,842.500000,756.250000,699.500000,689.500000,643.750,566.500000,493.000000,466.000000,439.750000,406.000000,403.000000,403.000000,403.000000,403.000000,403.00,403.000000,403.000000,403.00,403.000000,403.000000,403.50,406.000000,403.250000,403.000000,403.000000,403.000000,403.000000,403.000,403.000,403.000000,403.000000,403.000000,403.000000,403.00,403.000000,403.000,403.000000,403.000000,403.000000,403.0000,403.000000,403.000000,403.000000,403.0,403.0,403.0,403.000000,403.000,403.000000,403.000000,403.000000,403.000000,403.000000,403.000000,403.000000,403.000000,403.000000,429.750000,738.500000,1211.0
